Effective Mass (m0),Folder,Critical Distance Lc (nm),Error dLc (nm),Fit Slope (a),Fit Intercept (b)
0.06,006-06eV,7.318270531104042,0.007732775425353111,N/A,N/A
0.19,019-06eV,4.344543891802102,0.0157235045788493,N/A,N/A
0.26,026-06eV,3.7145803226997534,0.011398036849032067,N/A,N/A
0.48,048-06eV,2.7307465185645885,0.01701684538738535,N/A,N/A
0.6,060-06eV,2.422520160784562,0.05218351603737226,N/A,N/A
0.7,070-06eV,2.267828156692419,0.002755431838047606,N/A,N/A
0.82,082-06eV,2.09017330126259,0.02762099683492547,N/A,N/A
0.98,098-06eV,1.9068051746141048,0.012605171245594793,N/A,N/A
1.1,11-06eV,1.7911688367843352,0.022179741360831562,N/A,N/A
