Effective Mass (m0),Folder,Critical Distance Lc (nm),Error dLc (nm),Fit Slope (a),Fit Intercept (b)
0.06,006-06eV,7.4914900806987115,0.06630916159097541,-1.3110348310736737,0.6112640604627555
0.19,019-06eV,4.480475752803465,0.06617685880631567,-2.1754907069891023,0.5368929911377586
0.26,026-06eV,3.8178479862907047,0.05686732310410844,-2.561080833523781,0.5674769310203053
0.48,048-06eV,2.7477633639519743,0.0,-3.522721675848571,0.46926519032002445
0.6,060-06eV,2.4864660965938628,0.03362314828174844,-3.9657036925201807,0.6502474086123402
0.7,070-06eV,2.2819803391478817,0.029305093126208857,-3.7315063937271153,-0.6951161460862909
0.82,082-06eV,2.086142230408958,0.0,-4.8352492679902825,0.8766773205323464
0.98,098-06eV,1.9194103458597,0.0,-5.2052758851361,0.7807200150080551
1.1,11-06eV,1.8133485781451673,0.0,-5.237656660046127,0.28735688533102893
